Datetime,Water Level (m)
2026-09-17 00:00:00,1.0255781
2026-09-17 01:00:00,0.75699574
2026-09-17 02:00:00,0.446717
2026-09-17 03:00:00,0.21340704
2026-09-17 04:00:00,0.038407605
2026-09-17 05:00:00,-0.097585246
2026-09-17 06:00:00,-0.17866033
2026-09-17 07:00:00,-0.09076862
2026-09-17 08:00:00,0.25163573
2026-09-17 09:00:00,0.5907972
2026-09-17 10:00:00,0.8405084
2026-09-17 11:00:00,0.95177126
2026-09-17 12:00:00,0.8649389
2026-09-17 13:00:00,0.60241455
2026-09-17 14:00:00,0.3421175
2026-09-17 15:00:00,0.13954623
2026-09-17 16:00:00,-0.022042142
2026-09-17 17:00:00,-0.1458262
2026-09-17 18:00:00,-0.21650885
2026-09-17 19:00:00,-0.13272262
2026-09-17 20:00:00,0.1898432
2026-09-17 21:00:00,0.52459645
2026-09-17 22:00:00,0.7963395
2026-09-17 23:00:00,0.9673387
2026-09-18 00:00:00,0.9954513
2026-09-18 01:00:00,0.8472136
2026-09-18 02:00:00,0.59781873
2026-09-18 03:00:00,0.3763299
2026-09-18 04:00:00,0.20223136
2026-09-18 05:00:00,0.06724654
2026-09-18 06:00:00,-0.026645843
2026-09-18 07:00:00,-0.043291647
2026-09-18 08:00:00,0.13651599
2026-09-18 09:00:00,0.44034943
2026-09-18 10:00:00,0.681001
2026-09-18 11:00:00,0.8132609
2026-09-18 12:00:00,0.80732554
2026-09-18 13:00:00,0.647177
2026-09-18 14:00:00,0.43512207
2026-09-18 15:00:00,0.2547643
2026-09-18 16:00:00,0.11222237
2026-09-18 17:00:00,0.0005070407
2026-09-18 18:00:00,-0.075357094
2026-09-18 19:00:00,-0.08889639
2026-09-18 20:00:00,0.052449383
2026-09-18 21:00:00,0.33448178
2026-09-18 22:00:00,0.6028827
2026-09-18 23:00:00,0.8114796
2026-09-19 00:00:00,0.9252417
2026-09-19 01:00:00,0.9001176
2026-09-19 02:00:00,0.72041357
2026-09-19 03:00:00,0.5044922
2026-09-19 04:00:00,0.32896054
2026-09-19 05:00:00,0.20174555
2026-09-19 06:00:00,0.12528576
2026-09-19 07:00:00,0.10385979
2026-09-19 08:00:00,0.15210514
2026-09-19 09:00:00,0.28417775
2026-09-19 10:00:00,0.44688883
2026-09-19 11:00:00,0.5717917
2026-09-19 12:00:00,0.6396091
2026-09-19 13:00:00,0.63370264
2026-09-19 14:00:00,0.53583664
2026-09-19 15:00:00,0.3921181
2026-09-19 16:00:00,0.2587777
2026-09-19 17:00:00,0.1498994
2026-09-19 18:00:00,0.06419741
2026-09-19 19:00:00,0.010617397
2026-09-19 20:00:00,0.008510121
2026-09-19 21:00:00,0.11407339
2026-09-19 22:00:00,0.32253006
2026-09-19 23:00:00,0.52024025
2026-09-20 00:00:00,0.6724924
2026-09-20 01:00:00,0.76777834
2026-09-20 02:00:00,0.7872428
2026-09-20 03:00:00,0.72709996
2026-09-20 04:00:00,0.6111574
2026-09-20 05:00:00,0.48537827
2026-09-20 06:00:00,0.36637315
2026-09-20 07:00:00,0.26091444
2026-09-20 08:00:00,0.1793565
2026-09-20 09:00:00,0.1263962
2026-09-20 10:00:00,0.11994427
2026-09-20 11:00:00,0.19823167
2026-09-20 12:00:00,0.36104944
2026-09-20 13:00:00,0.5098118
2026-09-20 14:00:00,0.5923619
2026-09-20 15:00:00,0.5957778
2026-09-20 16:00:00,0.5256011
2026-09-20 17:00:00,0.42362806
2026-09-20 18:00:00,0.32466668
2026-09-20 19:00:00,0.22976303
2026-09-20 20:00:00,0.13958444
2026-09-20 21:00:00,0.06852787
2026-09-20 22:00:00,0.050441153
2026-09-20 23:00:00,0.12965026
2026-09-21 00:00:00,0.32702073
2026-09-21 01:00:00,0.56473106
2026-09-21 02:00:00,0.7653553
2026-09-21 03:00:00,0.8896238
2026-09-21 04:00:00,0.9108029
2026-09-21 05:00:00,0.8302863
2026-09-21 06:00:00,0.6872418
2026-09-21 07:00:00,0.52639496
2026-09-21 08:00:00,0.37446472
2026-09-21 09:00:00,0.24771136
2026-09-21 10:00:00,0.15288946
2026-09-21 11:00:00,0.09300905
2026-09-21 12:00:00,0.09358054
2026-09-21 13:00:00,0.23086399
2026-09-21 14:00:00,0.4924818
2026-09-21 15:00:00,0.713248
2026-09-21 16:00:00,0.83603257
2026-09-21 17:00:00,0.84486955
2026-09-21 18:00:00,0.73804784
2026-09-21 19:00:00,0.5695937
2026-09-21 20:00:00,0.40154445
2026-09-21 21:00:00,0.25489706
2026-09-21 22:00:00,0.1356559
2026-09-21 23:00:00,0.050113175
2026-09-22 00:00:00,0.036896314
2026-09-22 01:00:00,0.21440709
2026-09-22 02:00:00,0.5535802
2026-09-22 03:00:00,0.8600916
2026-09-22 04:00:00,1.0727772
2026-09-22 05:00:00,1.1547729
2026-09-22 06:00:00,1.0934974
2026-09-22 07:00:00,0.8992274
2026-09-22 08:00:00,0.68004155
2026-09-22 09:00:00,0.4887064
2026-09-22 10:00:00,0.3284888
2026-09-22 11:00:00,0.20360547
2026-09-22 12:00:00,0.11038593
2026-09-22 13:00:00,0.09694612
2026-09-22 14:00:00,0.3307544
2026-09-22 15:00:00,0.6960164
2026-09-22 16:00:00,0.97930014
2026-09-22 17:00:00,1.1299559
2026-09-22 18:00:00,1.1280059
2026-09-22 19:00:00,0.9626517
2026-09-22 20:00:00,0.7370195
2026-09-22 21:00:00,0.5325795
2026-09-22 22:00:00,0.35753518
2026-09-22 23:00:00,0.21478389
2026-09-23 00:00:00,0.10369649
